file	duration	channel	title	url	upload_date	source_audio
max_roach-the_drum_also_waltzes.mp3	212	Max Roach - Topic	The Drum Also Waltzes	https://www.youtube.com/watch?v=NsfWW_5XRxM	20170123	opus 121k 48000Hz
buddy_rich-impossible_drum_solo.mp3	282	TheSoundMen	BUDDY RICH IMPOSSIBLE DRUM SOLO *HQ*	https://www.youtube.com/watch?v=9esWG6A6g-k	20100118	opus 95k 48000Hz
daniel_glass-century_project.mp3	347	dw drums	Daniel Glass - Drum Solo from The Century Project	https://www.youtube.com/watch?v=V8VRloG_154	20130611	opus 133k 48000Hz
antonio_sanchez-drumeo.mp3	527	Drumeo	Antonio Sanchez Drum Solo - Drumeo	https://www.youtube.com/watch?v=ZXWVQE6ESwY	20170521	opus 119k 48000Hz
mark_guiliana-drumeo.mp3	272	Drumeo	Mark Guiliana Drum Solo (Drumeo)	https://www.youtube.com/watch?v=4VeTn1_9TEY	20181124	opus 122k 48000Hz
john_bonham-moby_dick_msg_1973.mp3	191	Led Zeppelin	Led Zeppelin - Moby Dick Drum Solo (Madison Square Garden 1973)	https://www.youtube.com/watch?v=UOSf9f5_qZ8	20091027	opus 122k 48000Hz
joey_jordison-disasterpieces.mp3	160	Slipknot	Slipknot - Joey Jordison: Disasterpieces Drum Solo (Live)	https://www.youtube.com/watch?v=tUibKh0Z--c	20070514	opus 134k 48000Hz
mario_duplantier-refuge.mp3	125	Mario Duplantier	MARIO DUPLANTIER DRUM SOLO 2026 "REFUGE"	https://www.youtube.com/watch?v=JyjMCvGCGAM	20260903	opus 104k 48000Hz
thomas_lang-meinl_2015.mp3	448	MEINL Cymbals	MEINL DRUM FESTIVAL 2015 – Thomas Lang Drum Solo	https://www.youtube.com/watch?v=5g0MGRaF1oM	20151023	opus 129k 48000Hz
senri_kawaguchi-drumeo.mp3	301	Drumeo	Drum Solo by Senri Kawaguchi - Drumeo	https://www.youtube.com/watch?v=V5YDxDuyKDI	20180503	opus 127k 48000Hz
tony_royster_jr-drumeo.mp3	361	Drumeo	Tony Royster Jr. Drum Solo - Drumeo	https://www.youtube.com/watch?v=0IhfxSljBao	20170318	opus 128k 48000Hz
benny_greb-drumeo.mp3	501	Drumeo	Benny Greb Drum Solo - Drumeo	https://www.youtube.com/watch?v=KdmrxZTWSds	20170514	opus 128k 48000Hz
steve_gadd-yamaha.mp3	143	Yamaha Drums (Official)	Recording Custom | Steve Gadd Drum Solo | Yamaha Drums	https://www.youtube.com/watch?v=08wxuAzqnI8	20230221	opus 129k 48000Hz
steve_smith-khanda_west.mp3	123	HudsonMusic	Steve Smith: Drum Solo - Khanda West	https://www.youtube.com/watch?v=F_T4YXhnveA	20090612	opus 130k 48000Hz
horacio_hernandez-the_octopus.mp3	293	HudsonMusic	Horacio "el Negro" Hernandez: The Octopus	https://www.youtube.com/watch?v=wJEp8J5sURM	20100303	opus 131k 48000Hz
dafnis_prieto-drumeo.mp3	262	Drumeo	Dafnis Prieto Drum Solo - Drumeo	https://www.youtube.com/watch?v=O_aUuzMeLkM	20170528	opus 130k 48000Hz
terry_bozzio-pats_changes.mp3	338	Terry Bozzio	Terry Bozzio Drum Solo Performance - pat's changes	https://www.youtube.com/watch?v=CroX237dzfY	20140313	opus 131k 48000Hz
jojo_mayer-hudson.mp3	135	HudsonMusic	Jojo Mayer: Drum Solo	https://www.youtube.com/watch?v=IpNAlfLAjxY	20100224	opus 101k 48000Hz
todd_sucherman-drumeo.mp3	282	Drumeo	Todd Sucherman Drum Solo - Drumeo	https://www.youtube.com/watch?v=j6NoINimNrw	20170507	opus 131k 48000Hz
chris_coleman-drumsolo_1.mp3	298	MEINL Cymbals	Chris Coleman: Drumsolo #1	https://www.youtube.com/watch?v=h5ejs0JIIUQ	20100723	opus 128k 48000Hz
